{"cameraMode":{"drawMode":0,"name":"Shaded","section":"Shading Mode"},"sceneLighting":true,"audioPlay":false,"sceneViewState":{"m_AlwaysRefresh":false,"showFog":true,"showSkybox":true,"showFlares":true,"showImageEffects":true,"showParticleSystems":true,"showVisualEffectGraphs":true,"m_FxEnabled":true},"in2DMode":false,"pivot":{"x":2.919322967529297,"y":1.4172371625900269,"z":3.240717649459839},"rotation":{"x":0.025724351406097413,"y":-0.9341062903404236,"z":0.06878072023391724,"w":0.34936073422431948},"size":2.348545551300049,"orthographic":true}