{"cameraMode":{"drawMode":0,"name":"Shaded","section":"Shading Mode"},"sceneLighting":true,"audioPlay":false,"sceneViewState":{"m_AlwaysRefresh":false,"showFog":true,"showSkybox":true,"showFlares":true,"showImageEffects":true,"showParticleSystems":true,"showVisualEffectGraphs":true,"m_FxEnabled":true},"in2DMode":false,"pivot":{"x":-1.7261937856674195,"y":0.857724130153656,"z":3.0184438228607179},"rotation":{"x":-0.02699250355362892,"y":-0.9452659487724304,"z":0.08101775497198105,"w":-0.31493231654167178},"size":1.0478335618972779,"orthographic":true}