{"cameraMode":{"drawMode":0,"name":"Shaded","section":"Shading Mode"},"sceneLighting":true,"audioPlay":false,"sceneViewState":{"m_AlwaysRefresh":false,"showFog":true,"showSkybox":true,"showFlares":true,"showImageEffects":true,"showParticleSystems":true,"showVisualEffectGraphs":true,"m_FxEnabled":true},"in2DMode":false,"pivot":{"x":4.545963287353516,"y":0.6753154993057251,"z":1.6094646453857422},"rotation":{"x":0.02933506853878498,"y":-0.7375015020370483,"z":0.03210156410932541,"w":0.6739436984062195},"size":1.8302680253982545,"orthographic":true}