{"cameraMode":{"drawMode":0,"name":"Shaded","section":"Shading Mode"},"sceneLighting":true,"audioPlay":false,"sceneViewState":{"m_AlwaysRefresh":false,"showFog":true,"showSkybox":true,"showFlares":true,"showImageEffects":true,"showParticleSystems":true,"showVisualEffectGraphs":true,"m_FxEnabled":true},"in2DMode":false,"pivot":{"x":-2.5305469036102297,"y":0.5432610511779785,"z":-1.0091009140014649},"rotation":{"x":0.056142162531614307,"y":0.4061722457408905,"z":-0.02501126006245613,"w":0.9117305874824524},"size":1.598847508430481,"orthographic":true}