{"cameraMode":{"drawMode":0,"name":"Shaded","section":"Shading Mode"},"sceneLighting":false,"audioPlay":false,"sceneViewState":{"m_AlwaysRefresh":false,"showFog":false,"showSkybox":false,"showFlares":false,"showImageEffects":false,"showParticleSystems":false,"showVisualEffectGraphs":true,"m_FxEnabled":true},"in2DMode":false,"pivot":{"x":-0.040534622967243198,"y":1.356931447982788,"z":0.042298682034015658},"rotation":{"x":0.03583627939224243,"y":0.9190656542778015,"z":-0.0860077440738678,"w":0.3829554617404938},"size":0.17020295560359956,"orthographic":false}